AL022013,              BARRY,23,,,,,,,,,,,,,,,,,,
20130616,0,  , LO,12.4N,81.5W,20,1009,0,0,0,0,0,0,0,0,0,0,0,0,
20130616,600,  , LO,13.4N,82.0W,20,1009,0,0,0,0,0,0,0,0,0,0,0,0,
20130616,1200,  , LO,14.2N,82.8W,25,1008,0,0,0,0,0,0,0,0,0,0,0,0,
20130616,1800,  , LO,14.8N,83.8W,25,1008,0,0,0,0,0,0,0,0,0,0,0,0,
20130617,0,  , LO,15.3N,84.8W,25,1008,0,0,0,0,0,0,0,0,0,0,0,0,
20130617,600,  , LO,15.6N,85.9W,25,1008,0,0,0,0,0,0,0,0,0,0,0,0,
20130617,1200,  , TD,16.0N,87.0W,30,1007,0,0,0,0,0,0,0,0,0,0,0,0,
20130617,1800,  , TD,16.3N,87.9W,30,1007,0,0,0,0,0,0,0,0,0,0,0,0,
20130617,2200, L, TD,16.5N,88.4W,30,1006,0,0,0,0,0,0,0,0,0,0,0,0,
20130618,0,  , TD,16.6N,88.6W,30,1007,0,0,0,0,0,0,0,0,0,0,0,0,
20130618,600,  , TD,17.0N,89.3W,25,1009,0,0,0,0,0,0,0,0,0,0,0,0,
20130618,1200,  , TD,17.6N,90.3W,30,1008,0,0,0,0,0,0,0,0,0,0,0,0,
20130618,1800,  , TD,18.2N,91.3W,30,1008,0,0,0,0,0,0,0,0,0,0,0,0,
20130619,0,  , TD,18.8N,92.2W,30,1007,0,0,0,0,0,0,0,0,0,0,0,0,
20130619,600,  , TD,19.2N,93.1W,30,1007,0,0,0,0,0,0,0,0,0,0,0,0,
20130619,1200,  , TS,19.5N,94.0W,35,1006,50,30,0,0,0,0,0,0,0,0,0,0,
20130619,1800,  , TS,19.6N,94.8W,40,1005,70,30,30,30,0,0,0,0,0,0,0,0,
20130620,0,  , TS,19.6N,95.4W,40,1003,70,40,30,30,0,0,0,0,0,0,0,0,
20130620,600,  , TS,19.6N,95.9W,40,1003,70,50,30,30,0,0,0,0,0,0,0,0,
20130620,1115, L, TS,19.6N,96.4W,40,1003,70,50,30,30,0,0,0,0,0,0,0,0,
20130620,1200,  , TS,19.6N,96.5W,40,1004,70,30,0,0,0,0,0,0,0,0,0,0,
20130620,1800,  , TD,19.6N,97.0W,30,1007,0,0,0,0,0,0,0,0,0,0,0,0,
20130621,0,  , LO,19.6N,97.5W,25,1011,0,0,0,0,0,0,0,0,0,0,0,0,
AL032013,            CHANTAL,13,,,,,,,,,,,,,,,,,,
20130707,1200,  , TS,9.3N,41.4W,35,1011,30,0,0,0,0,0,0,0,0,0,0,0,
20130707,1800,  , TS,9.5N,43.8W,35,1011,40,0,0,0,0,0,0,0,0,0,0,0,
20130708,0,  , TS,9.8N,46.1W,35,1010,40,30,0,0,0,0,0,0,0,0,0,0,
20130708,600,  , TS,10.1N,48.4W,35,1009,40,30,0,0,0,0,0,0,0,0,0,0,
20130708,1200,  , TS,10.7N,50.6W,40,1008,60,60,0,60,0,0,0,0,0,0,0,0,
20130708,1800,  , TS,11.4N,52.9W,45,1007,60,60,0,60,0,0,0,0,0,0,0,0,
20130709,0,  , TS,12.1N,55.2W,50,1006,80,60,0,80,50,0,0,0,0,0,0,0,
20130709,600,  , TS,13.0N,57.7W,50,1005,80,60,0,80,50,0,0,0,0,0,0,0,
20130709,1200,  , TS,13.9N,60.3W,55,1003,80,60,0,80,50,0,0,0,0,0,0,0,
20130709,1800,  , TS,14.8N,62.9W,55,1006,80,60,0,80,50,0,0,0,0,0,0,0,
20130710,0,  , TS,15.6N,65.6W,45,1008,80,60,0,60,0,0,0,0,0,0,0,0,
20130710,600,  , TS,16.2N,68.4W,40,1010,80,0,0,60,0,0,0,0,0,0,0,0,
20130710,1200,  , TS,16.7N,71.2W,40,1011,80,0,0,60,0,0,0,0,0,0,0,0,
AL042013,             DORIAN,51,,,,,,,,,,,,,,,,,,
20130722,1800,  , LO,11.3N,20.0W,25,1009,0,0,0,0,0,0,0,0,0,0,0,0,
20130723,0,  , LO,11.5N,20.9W,25,1009,0,0,0,0,0,0,0,0,0,0,0,0,
20130723,600,  , LO,11.7N,21.8W,25,1009,0,0,0,0,0,0,0,0,0,0,0,0,
20130723,1200,  , LO,12.0N,22.8W,25,1009,0,0,0,0,0,0,0,0,0,0,0,0,
20130723,1800,  , TD,12.4N,23.9W,25,1008,0,0,0,0,0,0,0,0,0,0,0,0,
20130724,0,  , TD,13.0N,25.4W,30,1007,0,0,0,0,0,0,0,0,0,0,0,0,
20130724,600,  , TS,13.5N,27.1W,35,1006,40,0,0,30,0,0,0,0,0,0,0,0,
20130724,1200,  , TS,13.9N,29.0W,40,1005,40,0,0,30,0,0,0,0,0,0,0,0,
20130724,1800,  , TS,14.4N,30.8W,45,1004,40,0,0,30,0,0,0,0,0,0,0,0,
20130725,0,  , TS,14.9N,32.4W,45,1004,40,0,0,30,0,0,0,0,0,0,0,0,
20130725,600,  , TS,15.3N,33.9W,50,1002,40,30,0,40,20,0,0,0,0,0,0,0,
20130725,1200,  , TS,15.7N,35.5W,50,1002,50,30,20,40,20,0,0,0,0,0,0,0,
20130725,1800,  , TS,16.0N,37.1W,50,1003,50,30,20,40,20,0,0,0,0,0,0,0,
20130726,0,  , TS,16.4N,38.7W,45,1005,50,30,20,40,0,0,0,0,0,0,0,0,
20130726,600,  , TS,16.9N,40.7W,45,1006,50,30,0,40,0,0,0,0,0,0,0,0,
20130726,1200,  , TS,17.3N,42.8W,45,1008,50,0,0,50,0,0,0,0,0,0,0,0,
20130726,1800,  , TS,17.6N,45.0W,40,1010,50,0,0,50,0,0,0,0,0,0,0,0,
20130727,0,  , TS,17.8N,47.1W,35,1012,50,0,0,50,0,0,0,0,0,0,0,0,
20130727,600,  , TS,18.0N,49.2W,35,1012,50,0,0,50,0,0,0,0,0,0,0,0,
20130727,1200,  , TS,18.3N,51.1W,35,1012,60,0,0,60,0,0,0,0,0,0,0,0,
20130727,1800,  , DB,18.6N,53.0W,35,1012,60,0,0,60,0,0,0,0,0,0,0,0,
20130728,0,  , DB,19.0N,54.9W,35,1012,60,0,0,60,0,0,0,0,0,0,0,0,
20130728,600,  , DB,19.4N,56.8W,35,1013,60,0,0,60,0,0,0,0,0,0,0,0,
20130728,1200,  , DB,19.8N,58.6W,35,1013,60,0,0,60,0,0,0,0,0,0,0,0,
20130728,1800,  , DB,20.1N,60.3W,30,1013,0,0,0,0,0,0,0,0,0,0,0,0,
20130729,0,  , DB,20.4N,62.0W,25,1014,0,0,0,0,0,0,0,0,0,0,0,0,
20130729,600,  , DB,20.6N,63.7W,25,1014,0,0,0,0,0,0,0,0,0,0,0,0,
20130729,1200,  , DB,20.8N,65.3W,25,1015,0,0,0,0,0,0,0,0,0,0,0,0,
20130729,1800,  , DB,21.0N,66.9W,25,1015,0,0,0,0,0,0,0,0,0,0,0,0,
20130730,0,  , DB,21.3N,68.5W,25,1015,0,0,0,0,0,0,0,0,0,0,0,0,
20130730,600,  , DB,21.5N,69.8W,25,1015,0,0,0,0,0,0,0,0,0,0,0,0,
20130730,1200,  , DB,21.7N,71.0W,25,1015,0,0,0,0,0,0,0,0,0,0,0,0,
20130730,1800,  , DB,21.9N,72.2W,25,1015,0,0,0,0,0,0,0,0,0,0,0,0,
20130731,0,  , DB,22.1N,73.3W,25,1015,0,0,0,0,0,0,0,0,0,0,0,0,
20130731,600,  , DB,22.4N,74.4W,25,1015,0,0,0,0,0,0,0,0,0,0,0,0,
20130731,1200,  , DB,22.6N,75.3W,25,1015,0,0,0,0,0,0,0,0,0,0,0,0,
20130731,1800,  , DB,22.8N,75.9W,25,1015,0,0,0,0,0,0,0,0,0,0,0,0,
20130801,0,  , DB,23.0N,76.5W,25,1014,0,0,0,0,0,0,0,0,0,0,0,0,
20130801,600,  , DB,23.3N,77.0W,25,1013,0,0,0,0,0,0,0,0,0,0,0,0,
20130801,1200,  , DB,23.7N,77.7W,25,1013,0,0,0,0,0,0,0,0,0,0,0,0,
20130801,1800,  , DB,24.2N,78.4W,25,1013,0,0,0,0,0,0,0,0,0,0,0,0,
20130802,0,  , DB,24.9N,79.0W,25,1013,0,0,0,0,0,0,0,0,0,0,0,0,
20130802,600,  , DB,25.7N,79.3W,25,1013,0,0,0,0,0,0,0,0,0,0,0,0,
20130802,1200,  , DB,26.5N,79.4W,25,1013,0,0,0,0,0,0,0,0,0,0,0,0,
20130802,1800,  , TD,27.4N,79.4W,25,1013,0,0,0,0,0,0,0,0,0,0,0,0,
20130803,0,  , TD,28.4N,79.3W,30,1013,0,0,0,0,0,0,0,0,0,0,0,0,
20130803,600,  , TD,29.4N,79.1W,30,1013,0,0,0,0,0,0,0,0,0,0,0,0,
20130803,1200,  , TD,30.3N,78.8W,30,1013,0,0,0,0,0,0,0,0,0,0,0,0,
20130803,1800,  , LO,31.1N,78.1W,30,1013,0,0,0,0,0,0,0,0,0,0,0,0,
20130804,0,  , LO,31.8N,77.2W,30,1012,0,0,0,0,0,0,0,0,0,0,0,0,
20130804,600,  , LO,32.4N,75.6W,30,1011,0,0,0,0,0,0,0,0,0,0,0,0,
AL052013,               ERIN,20,,,,,,,,,,,,,,,,,,
20130815,0,  , TD,13.9N,23.3W,30,1008,0,0,0,0,0,0,0,0,0,0,0,0,
20130815,600,  , TS,14.1N,24.6W,35,1007,30,30,0,0,0,0,0,0,0,0,0,0,
20130815,1200,  , TS,14.3N,25.9W,35,1007,30,30,0,0,0,0,0,0,0,0,0,0,
20130815,1800,  , TS,14.7N,27.2W,35,1007,30,30,0,0,0,0,0,0,0,0,0,0,
20130816,0,  , TS,15.3N,28.6W,35,1007,30,30,0,0,0,0,0,0,0,0,0,0,
20130816,600,  , TS,15.9N,30.0W,35,1007,30,30,0,0,0,0,0,0,0,0,0,0,
20130816,1200,  , TS,16.5N,31.4W,35,1007,30,30,0,0,0,0,0,0,0,0,0,0,
20130816,1800,  , TS,17.3N,32.7W,35,1007,30,30,0,0,0,0,0,0,0,0,0,0,
20130817,0,  , TS,18.0N,33.8W,40,1006,60,50,0,60,0,0,0,0,0,0,0,0,
20130817,600,  , TS,18.8N,34.7W,40,1006,60,50,0,60,0,0,0,0,0,0,0,0,
20130817,1200,  , TS,19.6N,35.5W,35,1007,60,0,0,60,0,0,0,0,0,0,0,0,
20130817,1800,  , TS,20.3N,36.2W,35,1007,60,0,0,60,0,0,0,0,0,0,0,0,
20130818,0,  , TS,20.6N,37.2W,35,1007,60,0,0,0,0,0,0,0,0,0,0,0,
20130818,600,  , LO,20.6N,38.0W,30,1008,0,0,0,0,0,0,0,0,0,0,0,0,
20130818,1200,  , LO,20.5N,38.8W,30,1008,0,0,0,0,0,0,0,0,0,0,0,0,
20130818,1800,  , LO,20.4N,39.6W,25,1009,0,0,0,0,0,0,0,0,0,0,0,0,
20130819,0,  , LO,20.3N,40.4W,25,1009,0,0,0,0,0,0,0,0,0,0,0,0,
20130819,600,  , LO,20.2N,41.2W,25,1009,0,0,0,0,0,0,0,0,0,0,0,0,
20130819,1200,  , LO,20.1N,42.0W,20,1010,0,0,0,0,0,0,0,0,0,0,0,0,
20130819,1800,  , LO,20.0N,42.8W,20,1010,0,0,0,0,0,0,0,0,0,0,0,0,
AL062013,            FERNAND,7,,,,,,,,,,,,,,,,,,
20130825,1200,  , TD,18.7N,94.2W,30,1006,0,0,0,0,0,0,0,0,0,0,0,0,
20130825,1800,  , TS,18.9N,95.1W,45,1004,30,20,0,30,0,0,0,0,0,0,0,0,
20130826,0,  , TS,19.2N,95.9W,50,1001,30,30,30,30,10,0,0,0,0,0,0,0,
20130826,445, L, TS,19.5N,96.3W,50,1001,30,30,30,30,10,0,0,0,0,0,0,0,
20130826,600,  , TS,19.7N,96.6W,45,1002,30,30,10,30,0,0,0,0,0,0,0,0,
20130826,1200,  , TD,20.1N,97.3W,30,1005,0,0,0,0,0,0,0,0,0,0,0,0,
20130826,1800,  , LO,20.5N,98.2W,25,1009,0,0,0,0,0,0,0,0,0,0,0,0,
AL072013,          GABRIELLE,36,,,,,,,,,,,,,,,,,,
20130904,1800,  , TD,16.2N,65.9W,30,1010,0,0,0,0,0,0,0,0,0,0,0,0,
20130905,0,  , TD,16.7N,66.3W,30,1008,0,0,0,0,0,0,0,0,0,0,0,0,
20130905,600,  , TD,17.1N,67.0W,30,1008,0,0,0,0,0,0,0,0,0,0,0,0,
20130905,1200,  , TD,17.4N,67.7W,30,1010,0,0,0,0,0,0,0,0,0,0,0,0,
20130905,1800,  , DB,17.9N,68.4W,25,1010,0,0,0,0,0,0,0,0,0,0,0,0,
20130906,0,  , DB,18.8N,68.4W,25,1010,0,0,0,0,0,0,0,0,0,0,0,0,
20130906,600,  , DB,19.5N,68.5W,20,1010,0,0,0,0,0,0,0,0,0,0,0,0,
20130906,1200,  , DB,20.0N,68.6W,20,1010,0,0,0,0,0,0,0,0,0,0,0,0,
20130906,1800,  , DB,20.4N,68.7W,20,1010,0,0,0,0,0,0,0,0,0,0,0,0,
20130907,0,  , DB,21.2N,68.7W,20,1010,0,0,0,0,0,0,0,0,0,0,0,0,
20130907,600,  , DB,22.0N,68.8W,20,1010,0,0,0,0,0,0,0,0,0,0,0,0,
20130907,1200,  , DB,22.8N,69.2W,25,1009,0,0,0,0,0,0,0,0,0,0,0,0,
20130907,1800,  , DB,23.6N,69.2W,25,1009,0,0,0,0,0,0,0,0,0,0,0,0,
20130908,0,  , DB,24.4N,69.1W,25,1009,0,0,0,0,0,0,0,0,0,0,0,0,
20130908,600,  , DB,24.7N,68.9W,25,1009,0,0,0,0,0,0,0,0,0,0,0,0,
20130908,1200,  , DB,24.8N,68.8W,25,1008,0,0,0,0,0,0,0,0,0,0,0,0,
20130908,1800,  , DB,24.9N,68.7W,25,1008,0,0,0,0,0,0,0,0,0,0,0,0,
20130909,0,  , DB,25.1N,68.2W,25,1008,0,0,0,0,0,0,0,0,0,0,0,0,
20130909,600,  , DB,25.4N,67.8W,25,1008,0,0,0,0,0,0,0,0,0,0,0,0,
20130909,1200,  , LO,25.9N,66.9W,30,1008,0,0,0,0,0,0,0,0,0,0,0,0,
20130909,1800,  , LO,26.6N,65.9W,30,1008,0,0,0,0,0,0,0,0,0,0,0,0,
20130910,0,  , TD,27.6N,65.1W,30,1007,0,0,0,0,0,0,0,0,0,0,0,0,
20130910,600,  , TS,29.0N,65.0W,40,1005,70,100,0,0,0,0,0,0,0,0,0,0,
20130910,1200,  , TS,30.1N,64.8W,55,1003,70,100,0,60,20,20,0,20,0,0,0,0,
20130910,1800,  , TS,31.1N,64.7W,50,1004,90,100,30,60,20,20,0,20,0,0,0,0,
20130911,0,  , TS,31.9N,64.9W,50,1004,90,100,30,60,20,20,0,20,0,0,0,0,
20130911,600,  , TS,32.3N,65.4W,45,1008,90,50,30,60,0,0,0,0,0,0,0,0,
20130911,1200,  , TS,32.5N,65.7W,40,1009,90,40,20,60,0,0,0,0,0,0,0,0,
20130911,1800,  , TS,32.6N,66.2W,35,1009,90,40,0,50,0,0,0,0,0,0,0,0,
20130912,0,  , TD,32.9N,66.8W,30,1009,0,0,0,0,0,0,0,0,0,0,0,0,
20130912,600,  , TD,33.2N,67.4W,30,1009,0,0,0,0,0,0,0,0,0,0,0,0,
20130912,1200,  , TS,33.6N,67.6W,35,1008,80,90,0,0,0,0,0,0,0,0,0,0,
20130912,1800,  , TS,34.0N,67.9W,35,1008,80,0,0,0,0,0,0,0,0,0,0,0,
20130913,0,  , TS,34.7N,68.1W,35,1008,60,0,0,0,0,0,0,0,0,0,0,0,
20130913,600,  , TD,35.9N,67.5W,30,1007,0,0,0,0,0,0,0,0,0,0,0,0,
20130913,1200,  , TD,37.7N,66.6W,30,1005,0,0,0,0,0,0,0,0,0,0,0,0,
AL082013,              EIGHT,4,,,,,,,,,,,,,,,,,,
20130906,1200,  , TD,22.4N,97.4W,30,1009,0,0,0,0,0,0,0,0,0,0,0,0,
20130906,1800, L, TD,22.3N,97.9W,30,1008,0,0,0,0,0,0,0,0,0,0,0,0,
20130907,0,  , TD,21.9N,98.5W,25,1009,0,0,0,0,0,0,0,0,0,0,0,0,
20130907,600,  , LO,21.5N,99.0W,25,1009,0,0,0,0,0,0,0,0,0,0,0,0,
AL092013,           HUMBERTO,46,,,,,,,,,,,,,,,,,,
20130908,0,  , LO,13.0N,17.6W,25,1009,0,0,0,0,0,0,0,0,0,0,0,0,
20130908,600,  , LO,13.0N,18.4W,25,1009,0,0,0,0,0,0,0,0,0,0,0,0,
20130908,1200,  , LO,13.0N,19.3W,25,1009,0,0,0,0,0,0,0,0,0,0,0,0,
20130908,1800,  , TD,13.0N,20.3W,25,1008,0,0,0,0,0,0,0,0,0,0,0,0,
20130909,0,  , TD,13.1N,21.3W,30,1007,0,0,0,0,0,0,0,0,0,0,0,0,
20130909,600,  , TS,13.3N,22.4W,35,1006,0,0,40,60,0,0,0,0,0,0,0,0,
20130909,1200,  , TS,13.5N,23.6W,40,1005,60,0,40,60,0,0,0,0,0,0,0,0,
20130909,1800,  , TS,13.7N,24.6W,45,1004,80,40,40,60,0,0,0,0,0,0,0,0,
20130910,0,  , TS,13.9N,25.5W,50,1002,90,60,40,60,40,30,0,0,0,0,0,0,
20130910,600,  , TS,14.1N,26.5W,55,1000,100,80,50,70,50,30,0,0,0,0,0,0,
20130910,1200,  , TS,14.3N,27.3W,55,1000,100,80,50,80,50,30,0,30,0,0,0,0,
20130910,1800,  , TS,14.7N,27.9W,55,999,110,80,50,80,50,30,20,30,0,0,0,0,
20130911,0,  , TS,15.1N,28.3W,55,998,120,90,60,90,60,40,30,40,0,0,0,0,
20130911,600,  , TS,15.6N,28.6W,60,994,120,100,60,90,60,40,30,40,0,0,0,0,
20130911,1200,  , HU,16.3N,28.9W,70,987,120,100,60,90,60,40,30,40,30,20,0,0,
20130911,1800,  , HU,17.4N,28.9W,80,979,120,100,60,90,60,40,30,40,30,20,0,20,
20130912,0,  , HU,18.6N,28.9W,80,979,130,120,70,100,60,50,30,50,40,30,20,30,
20130912,600,  , HU,19.9N,28.9W,80,979,140,130,70,130,60,50,30,50,40,30,20,30,
20130912,1200,  , HU,21.2N,28.9W,75,980,150,140,70,160,60,50,40,50,40,30,20,30,
20130912,1800,  , HU,22.3N,29.1W,75,980,160,150,80,160,70,60,40,60,40,30,20,30,
20130913,0,  , HU,23.2N,29.5W,70,982,180,160,90,160,80,60,40,60,40,30,20,30,
20130913,600,  , TS,24.0N,30.0W,60,986,200,160,100,160,90,70,50,70,0,0,0,0,
20130913,1200,  , TS,24.6N,30.8W,55,988,200,160,110,160,90,70,50,70,0,0,0,0,
20130913,1800,  , TS,24.8N,31.7W,45,995,180,140,100,160,0,0,0,0,0,0,0,0,
20130914,0,  , LO,24.8N,32.6W,40,999,180,120,80,140,0,0,0,0,0,0,0,0,
20130914,600,  , LO,24.9N,33.6W,35,1003,180,0,0,120,0,0,0,0,0,0,0,0,
20130914,1200,  , LO,25.2N,34.8W,35,1004,180,0,0,120,0,0,0,0,0,0,0,0,
20130914,1800,  , LO,25.5N,36.3W,35,1005,180,0,0,120,0,0,0,0,0,0,0,0,
20130915,0,  , TS,25.6N,37.8W,35,1004,180,0,0,120,0,0,0,0,0,0,0,0,
20130915,600,  , TS,25.6N,38.9W,35,1004,190,0,0,120,0,0,0,0,0,0,0,0,
20130915,1200,  , TS,25.9N,39.7W,35,1004,200,0,0,120,0,0,0,0,0,0,0,0,
20130915,1800,  , TS,26.4N,40.4W,35,1004,200,0,0,120,0,0,0,0,0,0,0,0,
20130916,0,  , TS,26.7N,41.3W,35,1004,200,0,0,120,0,0,0,0,0,0,0,0,
20130916,600,  , TS,26.7N,42.4W,35,1004,190,0,0,110,0,0,0,0,0,0,0,0,
20130916,1200,  , TS,26.8N,42.9W,40,1000,180,0,0,100,0,0,0,0,0,0,0,0,
20130916,1800,  , TS,26.9N,43.3W,40,1000,170,0,0,90,0,0,0,0,0,0,0,0,
20130917,0,  , TS,27.0N,43.2W,35,1002,160,0,0,0,0,0,0,0,0,0,0,0,
20130917,600,  , TS,27.4N,42.9W,35,1002,140,120,0,0,0,0,0,0,0,0,0,0,
20130917,1200,  , SS,28.4N,42.6W,40,1000,120,120,0,0,0,0,0,0,0,0,0,0,
20130917,1800,  , SS,29.5N,42.7W,40,1000,120,0,0,0,0,0,0,0,0,0,0,0,
20130918,0,  , SS,30.5N,43.2W,35,1003,120,0,0,0,0,0,0,0,0,0,0,0,
20130918,600,  , SD,31.1N,43.6W,30,1006,0,0,0,0,0,0,0,0,0,0,0,0,
20130918,1200,  , SD,31.6N,43.9W,30,1006,0,0,0,0,0,0,0,0,0,0,0,0,
20130918,1800,  , SD,32.0N,44.1W,30,1007,0,0,0,0,0,0,0,0,0,0,0,0,
20130919,0,  , SD,32.5N,44.3W,30,1007,0,0,0,0,0,0,0,0,0,0,0,0,
20130919,600,  , SD,33.0N,44.5W,30,1007,0,0,0,0,0,0,0,0,0,0,0,0,
AL102013,             INGRID,22,,,,,,,,,,,,,,,,,,
20130912,600,  , LO,19.3N,92.2W,25,1006,0,0,0,0,0,0,0,0,0,0,0,0,
20130912,1200,  , LO,19.6N,92.9W,30,1005,0,0,0,0,0,0,0,0,0,0,0,0,
20130912,1800,  , TD,19.7N,93.6W,30,1004,0,0,0,0,0,0,0,0,0,0,0,0,
20130913,0,  , TD,19.7N,94.1W,30,1003,0,0,0,0,0,0,0,0,0,0,0,0,
20130913,600,  , TD,19.6N,94.6W,30,1002,0,0,0,0,0,0,0,0,0,0,0,0,
20130913,1200,  , TS,19.3N,95.1W,35,1000,40,0,40,40,0,0,0,0,0,0,0,0,
20130913,1800,  , TS,19.1N,95.3W,40,996,50,30,40,40,0,0,0,0,0,0,0,0,
20130914,0,  , TS,19.3N,95.3W,50,993,70,40,50,40,40,0,0,0,0,0,0,0,
20130914,600,  , TS,19.6N,95.1W,55,990,70,60,50,40,40,0,0,0,0,0,0,0,
20130914,1200,  , TS,20.3N,94.6W,60,989,70,60,50,40,30,0,0,30,0,0,0,0,
20130914,1800,  , HU,21.0N,94.4W,65,986,70,80,40,40,40,20,0,20,20,0,0,0,
20130915,0,  , HU,21.6N,94.7W,75,983,70,90,40,50,50,30,20,30,30,0,0,20,
20130915,600,  , HU,22.0N,95.2W,75,985,70,80,40,60,50,20,20,30,30,0,0,20,
20130915,1200,  , HU,22.4N,95.6W,65,989,70,70,30,60,40,10,0,30,20,0,0,20,
20130915,1800,  , HU,22.7N,95.9W,65,987,70,70,30,70,40,10,0,30,20,0,0,0,
20130916,0,  , HU,23.0N,96.2W,70,989,70,70,30,60,40,20,0,30,15,15,0,0,
20130916,600,  , TS,23.4N,96.9W,60,990,70,70,30,50,40,20,0,30,0,0,0,0,
20130916,1115, L, TS,23.7N,97.7W,55,991,70,60,20,30,30,20,0,0,0,0,0,0,
20130916,1200,  , TS,23.7N,97.8W,55,991,70,60,20,30,30,20,0,0,0,0,0,0,
20130916,1800,  , TS,23.7N,98.7W,40,998,70,60,0,20,0,0,0,0,0,0,0,0,
20130917,0,  , TD,23.7N,99.2W,25,1006,0,0,0,0,0,0,0,0,0,0,0,0,
20130917,600,  , LO,23.7N,99.7W,20,1008,0,0,0,0,0,0,0,0,0,0,0,0,
AL112013,              JERRY,33,,,,,,,,,,,,,,,,,,
20130928,0,  , LO,21.1N,50.0W,30,1012,0,0,0,0,0,0,0,0,0,0,0,0,
20130928,600,  , LO,22.2N,50.3W,30,1012,0,0,0,0,0,0,0,0,0,0,0,0,
20130928,1200,  , LO,23.3N,50.6W,30,1011,0,0,0,0,0,0,0,0,0,0,0,0,
20130928,1800,  , LO,24.2N,50.6W,30,1011,0,0,0,0,0,0,0,0,0,0,0,0,
20130929,0,  , TD,24.9N,50.4W,30,1010,0,0,0,0,0,0,0,0,0,0,0,0,
20130929,600,  , TD,25.6N,49.7W,30,1010,0,0,0,0,0,0,0,0,0,0,0,0,
20130929,1200,  , TD,26.2N,49.0W,30,1010,0,0,0,0,0,0,0,0,0,0,0,0,
20130929,1800,  , TD,26.7N,48.2W,30,1010,0,0,0,0,0,0,0,0,0,0,0,0,
20130930,0,  , TD,27.1N,47.5W,30,1009,0,0,0,0,0,0,0,0,0,0,0,0,
20130930,600,  , TS,27.2N,46.8W,35,1008,30,30,0,0,0,0,0,0,0,0,0,0,
20130930,1200,  , TS,27.3N,46.0W,35,1008,40,40,0,0,0,0,0,0,0,0,0,0,
20130930,1800,  , TS,27.3N,45.0W,40,1006,40,40,0,30,0,0,0,0,0,0,0,0,
20131001,0,  , TS,27.5N,43.9W,45,1005,50,50,40,40,0,0,0,0,0,0,0,0,
20131001,600,  , TS,27.7N,43.6W,40,1006,50,50,40,40,0,0,0,0,0,0,0,0,
20131001,1200,  , TS,28.1N,43.5W,40,1007,40,40,20,30,0,0,0,0,0,0,0,0,
20131001,1800,  , TS,28.1N,43.5W,40,1007,40,40,20,30,0,0,0,0,0,0,0,0,
20131002,0,  , TS,28.1N,43.7W,35,1007,40,40,0,30,0,0,0,0,0,0,0,0,
20131002,600,  , TS,28.1N,43.9W,35,1007,40,40,0,30,0,0,0,0,0,0,0,0,
20131002,1200,  , TS,28.6N,43.4W,35,1007,40,40,0,30,0,0,0,0,0,0,0,0,
20131002,1800,  , TS,29.0N,42.9W,35,1007,50,50,0,30,0,0,0,0,0,0,0,0,
20131003,0,  , TS,29.4N,42.4W,35,1007,60,60,0,0,0,0,0,0,0,0,0,0,
20131003,600,  , TS,30.1N,41.7W,35,1007,60,60,0,0,0,0,0,0,0,0,0,0,
20131003,1200,  , TS,30.8N,40.6W,35,1007,60,60,0,0,0,0,0,0,0,0,0,0,
20131003,1800,  , LO,31.5N,39.3W,35,1008,60,60,0,0,0,0,0,0,0,0,0,0,
20131004,0,  , LO,32.5N,38.0W,35,1008,60,60,0,0,0,0,0,0,0,0,0,0,
20131004,600,  , LO,33.1N,36.6W,35,1008,60,60,0,0,0,0,0,0,0,0,0,0,
20131004,1200,  , LO,33.7N,35.0W,35,1008,60,60,0,0,0,0,0,0,0,0,0,0,
20131004,1800,  , LO,34.2N,33.7W,35,1008,60,60,0,0,0,0,0,0,0,0,0,0,
20131005,0,  , LO,34.5N,32.7W,35,1008,60,60,0,0,0,0,0,0,0,0,0,0,
20131005,600,  , LO,35.0N,31.7W,35,1008,60,60,0,0,0,0,0,0,0,0,0,0,
20131005,1200,  , LO,35.9N,30.7W,40,1008,60,60,0,0,0,0,0,0,0,0,0,0,
20131005,1800,  , LO,36.7N,29.8W,40,1008,60,60,0,0,0,0,0,0,0,0,0,0,
20131006,0,  , LO,38.0N,28.9W,40,1008,60,60,0,0,0,0,0,0,0,0,0,0,
AL122013,              KAREN,14,,,,,,,,,,,,,,,,,,
20131003,600,  , TS,21.5N,86.8W,45,1006,70,70,0,0,0,0,0,0,0,0,0,0,
20131003,1200,  , TS,22.1N,87.4W,55,1004,100,90,30,60,40,20,0,40,0,0,0,0,
20131003,1800,  , TS,22.8N,88.1W,55,1001,120,110,30,60,60,40,0,40,0,0,0,0,
20131003,2100, P, TS,23.3N,88.5W,55,998,120,110,30,60,60,40,0,40,0,0,0,0,
20131004,0,  , TS,23.9N,89.0W,50,999,120,110,0,60,60,40,0,0,0,0,0,0,
20131004,600,  , TS,24.5N,89.5W,45,1002,120,110,0,60,0,0,0,0,0,0,0,0,
20131004,1200,  , TS,25.2N,89.9W,45,1002,120,110,0,60,0,0,0,0,0,0,0,0,
20131004,1800,  , TS,25.8N,90.2W,45,1002,100,90,30,20,0,0,0,0,0,0,0,0,
20131005,0,  , TS,26.1N,90.5W,40,1004,100,90,30,0,0,0,0,0,0,0,0,0,
20131005,600,  , TS,26.7N,91.0W,40,1007,100,0,0,0,0,0,0,0,0,0,0,0,
20131005,1200,  , TS,27.6N,91.6W,40,1008,60,0,0,0,0,0,0,0,0,0,0,0,
20131005,1800,  , TS,27.9N,91.8W,35,1008,30,0,0,0,0,0,0,0,0,0,0,0,
20131006,0,  , TD,28.1N,91.9W,30,1008,0,0,0,0,0,0,0,0,0,0,0,0,
20131006,600,  , TD,28.1N,91.9W,25,1009,0,0,0,0,0,0,0,0,0,0,0,0,
AL132013,            LORENZO,21,,,,,,,,,,,,,,,,,,
20131021,600,  , TD,27.6N,55.9W,30,1012,0,0,0,0,0,0,0,0,0,0,0,0,
20131021,1200,  , TS,28.2N,55.6W,35,1010,60,60,0,0,0,0,0,0,0,0,0,0,
20131021,1800,  , TS,28.8N,55.0W,35,1008,60,60,0,0,0,0,0,0,0,0,0,0,
20131022,0,  , TS,29.1N,54.2W,35,1008,60,60,0,0,0,0,0,0,0,0,0,0,
20131022,600,  , TS,29.3N,53.3W,40,1005,60,60,0,0,0,0,0,0,0,0,0,0,
20131022,1200,  , TS,29.4N,52.4W,45,1000,60,60,40,40,0,0,0,0,0,0,0,0,
20131022,1800,  , TS,29.5N,51.5W,45,1000,60,60,40,40,0,0,0,0,0,0,0,0,
20131023,0,  , TS,29.5N,50.6W,45,1001,60,60,40,40,0,0,0,0,0,0,0,0,
20131023,600,  , TS,29.5N,49.8W,45,1004,60,60,40,40,0,0,0,0,0,0,0,0,
20131023,1200,  , TS,29.4N,49.3W,40,1006,60,60,40,40,0,0,0,0,0,0,0,0,
20131023,1800,  , TS,29.3N,48.9W,35,1007,60,60,40,40,0,0,0,0,0,0,0,0,
20131024,0,  , TD,29.4N,48.4W,30,1008,0,0,0,0,0,0,0,0,0,0,0,0,
20131024,600,  , TD,29.7N,48.0W,30,1009,0,0,0,0,0,0,0,0,0,0,0,0,
20131024,1200,  , LO,30.1N,47.7W,25,1011,0,0,0,0,0,0,0,0,0,0,0,0,
20131024,1800,  , LO,30.5N,47.2W,25,1012,0,0,0,0,0,0,0,0,0,0,0,0,
20131025,0,  , LO,30.7N,46.7W,25,1013,0,0,0,0,0,0,0,0,0,0,0,0,
20131025,600,  , LO,31.0N,46.1W,25,1013,0,0,0,0,0,0,0,0,0,0,0,0,
20131025,1200,  , LO,31.3N,45.7W,25,1013,0,0,0,0,0,0,0,0,0,0,0,0,
20131025,1800,  , LO,31.6N,45.3W,25,1013,0,0,0,0,0,0,0,0,0,0,0,0,
20131026,0,  , LO,32.1N,44.7W,20,1013,0,0,0,0,0,0,0,0,0,0,0,0,
20131026,600,  , LO,32.8N,43.9W,20,1013,0,0,0,0,0,0,0,0,0,0,0,0,
AL142013,            MELISSA,26,,,,,,,,,,,,,,,,,,
20131117,0,  , EX,23.9N,52.4W,35,1006,240,0,0,240,0,0,0,0,0,0,0,0,
20131117,600,  , EX,24.3N,52.7W,35,1005,240,0,0,240,0,0,0,0,0,0,0,0,
20131117,1200,  , EX,25.0N,52.9W,35,1005,240,0,0,240,0,0,0,0,0,0,0,0,
20131117,1800,  , EX,26.0N,52.9W,40,1002,240,150,120,240,0,0,0,0,0,0,0,0,
20131118,0,  , EX,27.1N,52.7W,45,997,240,150,120,240,0,0,0,0,0,0,0,0,
20131118,600,  , EX,28.3N,52.7W,45,992,240,150,150,240,0,0,0,0,0,0,0,0,
20131118,1200,  , SS,29.1N,53.4W,50,987,270,180,180,240,0,60,60,90,0,0,0,0,
20131118,1800,  , SS,29.7N,54.0W,50,987,270,180,180,240,60,60,60,90,0,0,0,0,
20131119,0,  , SS,30.2N,54.5W,50,985,270,180,180,240,90,60,60,90,0,0,0,0,
20131119,600,  , SS,30.8N,54.7W,55,982,240,180,180,210,90,90,60,90,0,0,0,0,
20131119,1200,  , SS,31.6N,54.7W,55,982,210,180,180,180,90,90,60,60,0,0,0,0,
20131119,1800,  , SS,32.5N,54.4W,50,982,150,180,180,180,90,90,60,60,0,0,0,0,
20131120,0,  , SS,33.3N,53.2W,45,985,100,180,180,150,0,0,0,0,0,0,0,0,
20131120,600,  , TS,34.1N,51.4W,45,988,90,180,150,120,0,0,0,0,0,0,0,0,
20131120,1200,  , TS,35.1N,49.0W,45,988,80,180,150,120,0,0,0,0,0,0,0,0,
20131120,1800,  , TS,36.3N,46.4W,45,988,60,180,150,120,0,0,0,0,0,0,0,0,
20131121,0,  , TS,37.5N,43.5W,45,984,60,210,150,120,0,0,0,0,0,0,0,0,
20131121,600,  , TS,38.8N,40.0W,50,984,60,210,150,120,0,90,90,0,0,0,0,0,
20131121,1200,  , TS,39.9N,36.6W,55,980,90,210,180,120,0,90,90,0,0,0,0,0,
20131121,1800,  , TS,40.7N,33.3W,55,980,90,210,210,120,0,90,90,0,0,0,0,0,
20131122,0,  , LO,41.3N,30.2W,50,984,60,210,210,0,0,90,90,0,0,0,0,0,
20131122,600,  , LO,41.6N,27.5W,45,988,60,210,210,0,0,0,0,0,0,0,0,0,
20131122,1200,  , EX,41.6N,24.7W,40,992,60,210,210,0,0,0,0,0,0,0,0,0,
20131122,1800,  , EX,41.3N,22.0W,40,996,60,210,210,0,0,0,0,0,0,0,0,0,
20131123,0,  , EX,40.8N,19.5W,35,1000,0,210,210,0,0,0,0,0,0,0,0,0,
20131123,600,  , EX,40.0N,17.1W,35,1004,0,210,210,0,0,0,0,0,0,0,0,0,
AL152013,            UNNAMED,16,,,,,,,,,,,,,,,,,,
20131203,1800,  , EX,34.3N,27.7W,50,1002,160,70,210,300,0,0,0,100,0,0,0,0,
20131204,0,  , EX,33.9N,27.8W,55,1000,160,160,180,300,0,0,0,100,0,0,0,0,
20131204,600,  , EX,33.1N,28.9W,55,997,160,160,180,300,0,0,0,100,0,0,0,0,
20131204,1200,  , EX,32.2N,28.5W,50,995,160,160,180,300,0,0,0,90,0,0,0,0,
20131204,1800,  , EX,31.9N,27.9W,50,995,160,160,180,300,0,0,90,90,0,0,0,0,
20131205,0,  , SS,32.4N,27.5W,45,997,140,170,180,300,0,0,0,0,0,0,0,0,
20131205,600,  , SS,33.0N,27.4W,45,998,140,170,180,300,0,0,0,0,0,0,0,0,
20131205,1200,  , SS,33.5N,27.7W,45,998,130,160,170,240,0,0,0,0,0,0,0,0,
20131205,1800,  , SS,33.7N,27.8W,40,999,120,150,150,150,0,0,0,0,0,0,0,0,
20131206,0,  , SS,33.9N,27.9W,40,999,120,120,120,120,0,0,0,0,0,0,0,0,
20131206,600,  , SS,33.9N,27.1W,40,999,70,0,0,0,0,0,0,0,0,0,0,0,
20131206,1200,  , SS,34.5N,26.9W,40,999,70,0,0,0,0,0,0,0,0,0,0,0,
20131206,1800,  , SS,35.1N,27.0W,40,999,70,0,0,0,0,0,0,0,0,0,0,0,
20131207,0,  , SS,35.8N,27.1W,35,1000,100,0,0,70,0,0,0,0,0,0,0,0,
20131207,600,  , LO,36.5N,27.4W,35,1001,100,0,0,70,0,0,0,0,0,0,0,0,
20131207,1200,  , LO,37.1N,27.8W,30,1003,0,0,0,0,0,0,0,0,0,0,0,0,
AL012014,             ARTHUR,47,,,,,,,,,,,,,,,,,,
20140628,1800,  , LO,32.0N,78.2W,20,1017,0,0,0,0,0,0,0,0,0,0,0,0,
20140629,0,  , LO,31.2N,77.8W,20,1017,0,0,0,0,0,0,0,0,0,0,0,0,
20140629,600,  , LO,30.5N,77.4W,20,1017,0,0,0,0,0,0,0,0,0,0,0,0,
20140629,1200,  , LO,30.0N,77.2W,20,1016,0,0,0,0,0,0,0,0,0,0,0,0,
20140629,1800,  , LO,29.7N,77.2W,25,1015,0,0,0,0,0,0,0,0,0,0,0,0,
20140630,0,  , LO,29.5N,77.5W,25,1014,0,0,0,0,0,0,0,0,0,0,0,0,
20140630,600,  , LO,29.2N,78.0W,25,1013,0,0,0,0,0,0,0,0,0,0,0,0,
20140630,1200,  , LO,28.7N,78.4W,25,1011,0,0,0,0,0,0,0,0,0,0,0,0,
20140630,1800,  , LO,28.1N,78.7W,30,1010,0,0,0,0,0,0,0,0,0,0,0,0,
20140701,0,  , TD,27.7N,78.9W,30,1008,0,0,0,0,0,0,0,0,0,0,0,0,
20140701,600,  , TD,27.5N,79.1W,30,1007,0,0,0,0,0,0,0,0,0,0,0,0,
20140701,1200,  , TS,27.5N,79.2W,35,1005,0,40,40,0,0,0,0,0,0,0,0,0,
20140701,1800,  , TS,27.7N,79.3W,40,1003,40,60,50,40,0,0,0,0,0,0,0,0,
20140702,0,  , TS,27.9N,79.2W,45,999,60,70,50,40,0,0,0,0,0,0,0,0,
20140702,600,  , TS,28.2N,79.1W,50,995,60,70,50,40,30,30,0,0,0,0,0,0,
20140702,1200,  , TS,28.7N,79.0W,55,995,60,70,50,40,30,30,0,0,0,0,0,0,
20140702,1800,  , TS,29.4N,79.1W,60,994,70,70,60,50,30,30,0,30,0,0,0,0,
20140703,0,  , HU,30.1N,79.2W,65,987,70,80,60,50,30,30,20,30,15,15,0,0,
20140703,600,  , HU,30.9N,79.1W,70,984,70,80,60,50,30,30,20,30,15,15,0,0,
20140703,1200,  , HU,31.8N,78.8W,80,981,100,100,60,50,40,50,20,30,20,20,0,0,
20140703,1800,  , HU,32.9N,78.3W,80,978,110,130,80,60,50,60,20,30,30,30,0,20,
20140704,0,  , HU,34.0N,77.3W,85,975,110,130,80,60,50,80,50,30,30,35,30,20,
20140704,315, L, HU,34.7N,76.6W,85,973,110,130,80,60,50,80,50,30,30,35,30,20,
20140704,600,  , HU,35.3N,76.0W,85,972,100,110,90,40,50,80,50,30,30,35,30,20,
20140704,800, L, HU,35.8N,75.5W,85,973,100,110,90,40,50,80,50,30,30,35,30,20,
20140704,1200,  , HU,36.8N,74.4W,80,976,100,110,90,60,60,80,40,30,25,35,20,20,
20140704,1800,  , HU,38.4N,72.4W,70,978,120,140,100,70,60,90,40,30,20,60,20,10,
20140705,0,  , HU,40.2N,69.7W,65,976,120,140,100,70,60,100,70,40,45,60,45,0,
20140705,600,  , TS,42.3N,67.6W,60,981,120,140,100,70,50,100,70,40,0,0,0,0,
20140705,1200,  , EX,44.1N,66.5W,60,982,140,180,140,70,0,60,90,0,0,0,0,0,
20140705,1800,  , EX,45.9N,65.3W,55,980,210,180,220,100,0,0,90,0,0,0,0,0,
20140706,0,  , EX,47.1N,64.0W,50,981,90,110,180,180,0,0,90,0,0,0,0,0,
20140706,600,  , EX,47.6N,62.4W,45,982,90,200,0,0,0,0,0,0,0,0,0,0,
20140706,1200,  , EX,48.5N,60.2W,40,986,0,150,0,0,0,0,0,0,0,0,0,0,
20140706,1800,  , EX,50.3N,58.1W,35,989,0,180,0,0,0,0,0,0,0,0,0,0,
20140707,0,  , EX,52.3N,56.4W,35,988,0,240,0,0,0,0,0,0,0,0,0,0,
20140707,600,  , EX,54.2N,55.4W,35,985,0,240,0,0,0,0,0,0,0,0,0,0,
20140707,1200,  , EX,56.0N,54.7W,35,984,320,240,0,0,0,0,0,0,0,0,0,0,
20140707,1800,  , EX,57.3N,54.2W,40,985,320,240,160,0,0,0,0,0,0,0,0,0,
20140708,0,  , EX,58.1N,54.1W,45,988,320,200,150,0,0,0,0,0,0,0,0,0,
20140708,600,  , EX,58.9N,54.7W,40,991,320,180,120,0,0,0,0,0,0,0,0,0,
20140708,1200,  , EX,59.4N,56.1W,35,993,320,0,0,0,0,0,0,0,0,0,0,0,
20140708,1800,  , EX,60.0N,57.0W,30,995,0,0,0,0,0,0,0,0,0,0,0,0,
20140709,0,  , EX,60.3N,56.7W,30,997,0,0,0,0,0,0,0,0,0,0,0,0,
20140709,600,  , EX,60.1N,56.2W,25,1001,0,0,0,0,0,0,0,0,0,0,0,0,
20140709,1200,  , EX,59.8N,55.7W,25,1005,0,0,0,0,0,0,0,0,0,0,0,0,
20140709,1800,  , EX,59.5N,55.0W,25,1008,0,0,0,0,0,0,0,0,0,0,0,0,
AL022014,                TWO,17,,,,,,,,,,,,,,,,,,
20140719,1200,  , LO,9.0N,29.0W,20,1012,0,0,0,0,0,0,0,0,0,0,0,0,
20140719,1800,  , LO,9.4N,30.7W,20,1012,0,0,0,0,0,0,0,0,0,0,0,0,
20140720,0,  , LO,9.7N,31.8W,20,1012,0,0,0,0,0,0,0,0,0,0,0,0,
20140720,600,  , LO,10.0N,33.0W,20,1012,0,0,0,0,0,0,0,0,0,0,0,0,
20140720,1200,  , LO,10.4N,34.4W,20,1012,0,0,0,0,0,0,0,0,0,0,0,0,
20140720,1800,  , LO,10.7N,36.1W,20,1012,0,0,0,0,0,0,0,0,0,0,0,0,
20140721,0,  , LO,11.0N,38.0W,25,1012,0,0,0,0,0,0,0,0,0,0,0,0,
20140721,600,  , LO,11.2N,39.9W,25,1012,0,0,0,0,0,0,0,0,0,0,0,0,
20140721,1200,  , TD,11.4N,41.6W,30,1012,0,0,0,0,0,0,0,0,0,0,0,0,
20140721,1800,  , TD,11.6N,43.1W,30,1012,0,0,0,0,0,0,0,0,0,0,0,0,
20140722,0,  , TD,11.9N,44.4W,30,1012,0,0,0,0,0,0,0,0,0,0,0,0,
20140722,600,  , TD,12.1N,45.7W,30,1012,0,0,0,0,0,0,0,0,0,0,0,0,
20140722,1200,  , TD,12.4N,47.2W,30,1012,0,0,0,0,0,0,0,0,0,0,0,0,
20140722,1800,  , TD,12.8N,48.8W,30,1012,0,0,0,0,0,0,0,0,0,0,0,0,
20140723,0,  , TD,13.2N,50.4W,30,1012,0,0,0,0,0,0,0,0,0,0,0,0,
20140723,600,  , TD,13.7N,52.2W,30,1012,0,0,0,0,0,0,0,0,0,0,0,0,
20140723,1200,  , TD,14.0N,55.0W,30,1012,0,0,0,0,0,0,0,0,0,0,0,0,
AL032014,             BERTHA,47,,,,,,,,,,,,,,,,,,
20140729,600,  , LO,9.6N,37.1W,25,1013,0,0,0,0,0,0,0,0,0,0,0,0,
20140729,1200,  , LO,9.5N,38.6W,30,1012,0,0,0,0,0,0,0,0,0,0,0,0,
20140729,1800,  , LO,9.5N,40.1W,30,1012,0,0,0,0,0,0,0,0,0,0,0,0,
20140730,0,  , LO,9.6N,41.5W,30,1012,0,0,0,0,0,0,0,0,0,0,0,0,
20140730,600,  , LO,9.7N,43.0W,30,1012,0,0,0,0,0,0,0,0,0,0,0,0,
20140730,1200,  , LO,9.8N,44.7W,30,1012,0,0,0,0,0,0,0,0,0,0,0,0,
20140730,1800,  , LO,10.0N,46.4W,30,1011,0,0,0,0,0,0,0,0,0,0,0,0,
20140731,0,  , LO,10.4N,48.0W,35,1010,40,40,0,40,0,0,0,0,0,0,0,0,
20140731,600,  , LO,10.7N,49.7W,35,1009,40,40,0,40,0,0,0,0,0,0,0,0,
20140731,1200,  , LO,11.0N,51.4W,40,1008,40,40,0,40,0,0,0,0,0,0,0,0,
20140731,1800,  , LO,11.5N,53.1W,40,1007,40,40,0,40,0,0,0,0,0,0,0,0,
20140801,0,  , TS,12.2N,54.6W,40,1007,40,40,0,40,0,0,0,0,0,0,0,0,
20140801,600,  , TS,13.0N,56.2W,40,1007,40,40,0,40,0,0,0,0,0,0,0,0,
20140801,1200,  , TS,13.8N,58.1W,45,1006,70,40,0,40,0,0,0,0,0,0,0,0,
20140801,1800,  , TS,14.5N,60.3W,45,1006,100,40,0,40,0,0,0,0,0,0,0,0,
20140802,0,  , TS,15.2N,62.3W,45,1007,100,30,0,40,0,0,0,0,0,0,0,0,
20140802,600,  , TS,15.9N,64.1W,40,1008,100,30,0,40,0,0,0,0,0,0,0,0,
20140802,1200,  , TS,16.7N,65.9W,40,1009,100,30,0,40,0,0,0,0,0,0,0,0,
20140802,1800,  , TS,17.9N,67.6W,40,1010,120,40,0,40,0,0,0,0,0,0,0,0,
20140803,0,  , TS,19.2N,69.0W,40,1011,140,70,0,40,0,0,0,0,0,0,0,0,
20140803,600,  , TS,20.3N,70.4W,40,1012,140,100,0,50,0,0,0,0,0,0,0,0,
20140803,1200,  , TS,21.4N,71.6W,40,1013,140,100,0,50,0,0,0,0,0,0,0,0,
20140803,1400, L, TS,21.8N,71.9W,40,1013,140,100,0,50,0,0,0,0,0,0,0,0,
20140803,1800,  , TS,22.7N,72.5W,45,1012,140,100,0,50,0,0,0,0,0,0,0,0,
20140804,0,  , TS,24.1N,73.1W,55,1007,140,100,0,40,40,40,0,0,0,0,0,0,
20140804,600,  , TS,25.4N,73.5W,60,1004,140,100,0,40,40,40,0,0,0,0,0,0,
20140804,1200,  , HU,26.8N,73.6W,70,998,140,100,30,40,40,40,0,0,20,20,0,0,
20140804,1800,  , HU,28.5N,73.6W,70,999,120,100,30,40,40,40,0,0,20,20,0,0,
20140805,0,  , HU,30.5N,73.4W,65,1001,110,100,30,30,40,40,0,0,20,20,0,0,
20140805,600,  , TS,32.5N,73.2W,55,1003,110,100,30,30,40,40,0,0,0,0,0,0,
20140805,1200,  , TS,34.2N,72.7W,50,1005,120,100,0,0,30,0,0,0,0,0,0,0,
20140805,1800,  , TS,35.5N,71.2W,45,1006,120,120,0,0,0,0,0,0,0,0,0,0,
20140806,0,  , TS,36.8N,69.3W,45,1007,120,120,0,0,0,0,0,0,0,0,0,0,
20140806,600,  , TS,38.1N,66.9W,45,1007,100,120,0,0,0,0,0,0,0,0,0,0,
20140806,1200,  , TS,39.4N,64.1W,45,1006,100,120,0,0,0,0,0,0,0,0,0,0,
20140806,1800,  , EX,40.8N,61.3W,45,1002,100,140,0,0,0,0,0,0,0,0,0,0,
20140807,0,  , EX,42.1N,58.4W,50,996,30,140,60,30,0,50,0,0,0,0,0,0,
20140807,600,  , EX,43.4N,55.6W,45,998,30,140,60,30,0,0,0,0,0,0,0,0,
20140807,1200,  , EX,44.6N,52.5W,40,999,0,140,60,0,0,0,0,0,0,0,0,0,
20140807,1800,  , EX,46.0N,49.5W,40,1000,0,140,60,0,0,0,0,0,0,0,0,0,
20140808,0,  , EX,47.4N,46.6W,35,1001,0,140,0,0,0,0,0,0,0,0,0,0,
20140808,600,  , EX,47.9N,43.0W,35,1001,0,140,0,0,0,0,0,0,0,0,0,0,
20140808,1200,  , EX,47.5N,39.4W,35,1002,0,140,0,0,0,0,0,0,0,0,0,0,
20140808,1800,  , EX,46.9N,34.9W,35,1002,0,140,0,0,0,0,0,0,0,0,0,0,
20140809,0,  , EX,47.0N,29.0W,35,1003,0,140,0,0,0,0,0,0,0,0,0,0,
20140809,600,  , EX,47.1N,22.0W,35,1003,0,140,0,0,0,0,0,0,0,0,0,0,
20140809,1200,  , EX,47.5N,15.0W,35,1003,0,140,0,0,0,0,0,0,0,0,0,0,
AL042014,          CRISTOBAL,39,,,,,,,,,,,,,,,,,,
20140823,1800,  , TD,21.5N,72.2W,30,1005,0,0,0,0,0,0,0,0,0,0,0,0,
20140824,0,  , TD,22.0N,72.5W,30,1004,0,0,0,0,0,0,0,0,0,0,0,0,
20140824,600,  , TS,22.6N,72.9W,35,1002,60,60,0,0,0,0,0,0,0,0,0,0,
20140824,1200,  , TS,23.3N,73.0W,40,1001,60,70,0,0,0,0,0,0,0,0,0,0,
20140824,1800,  , TS,24.0N,73.0W,45,1001,60,70,0,0,0,0,0,0,0,0,0,0,
20140825,0,  , TS,24.2N,73.0W,45,998,60,80,0,0,0,0,0,0,0,0,0,0,
20140825,600,  , TS,24.4N,72.9W,45,996,60,120,0,0,0,0,0,0,0,0,0,0,
20140825,1200,  , TS,24.7N,72.7W,50,993,60,120,0,0,0,80,0,0,0,0,0,0,
20140825,1800,  , TS,24.9N,72.4W,50,992,60,180,0,0,0,80,0,0,0,0,0,0,
20140826,0,  , HU,25.1N,72.1W,65,989,60,180,60,30,0,80,0,0,0,40,0,0,
20140826,600,  , HU,25.6N,72.0W,65,989,80,180,60,30,50,90,0,0,25,40,0,0,
20140826,1200,  , HU,26.7N,71.8W,65,988,80,180,60,30,50,90,0,0,25,40,0,0,
20140826,1800,  , HU,28.1N,71.4W,65,987,180,210,60,60,50,120,0,0,25,50,0,0,
20140827,0,  , HU,29.5N,71.5W,70,983,180,210,60,100,90,120,20,20,50,50,10,0,
20140827,600,  , HU,30.6N,72.0W,70,983,180,180,60,100,90,100,20,20,50,50,10,0,
20140827,1200,  , HU,31.6N,72.2W,70,983,180,180,60,100,90,100,20,20,50,50,10,0,
20140827,1800,  , HU,32.3N,71.8W,65,984,180,180,60,70,90,100,30,30,40,50,20,20,
20140828,0,  , HU,33.5N,70.7W,65,984,180,180,60,70,90,100,30,30,40,50,20,20,
20140828,600,  , HU,34.8N,69.0W,65,982,180,180,60,70,90,100,30,30,40,50,20,20,
20140828,1200,  , HU,36.3N,67.1W,70,979,180,180,60,70,90,100,30,30,40,50,20,20,
20140828,1800,  , HU,37.5N,63.6W,75,971,180,220,110,60,90,100,40,30,30,50,20,20,
20140829,0,  , HU,39.1N,58.8W,75,965,180,220,220,60,90,100,80,40,30,60,20,20,
20140829,600,  , HU,41.2N,53.9W,70,967,190,240,220,70,90,120,80,40,40,60,30,0,
20140829,1200,  , EX,44.2N,49.0W,65,970,200,270,220,180,100,140,100,70,50,70,40,0,
20140829,1800,  , EX,46.7N,45.9W,65,972,200,270,240,200,100,140,100,80,50,70,40,0,
20140830,0,  , EX,48.6N,42.8W,65,974,200,270,270,200,100,140,110,100,50,70,40,0,
20140830,600,  , EX,49.9N,39.5W,65,974,200,270,270,200,100,140,110,100,50,70,40,0,
20140830,1200,  , EX,51.3N,36.2W,60,971,200,300,360,200,100,140,100,80,0,0,0,0,
20140830,1800,  , EX,54.0N,32.0W,60,971,240,300,360,200,100,140,100,80,0,0,0,0,
20140831,0,  , EX,58.0N,28.9W,60,971,240,300,360,200,100,140,100,80,0,0,0,0,
20140831,600,  , EX,61.0N,27.0W,60,963,200,270,240,200,100,140,100,80,0,0,0,0,
20140831,1200,  , EX,62.0N,26.0W,60,964,200,270,240,200,100,140,100,80,0,0,0,0,
20140831,1800,  , EX,63.0N,24.5W,55,968,200,270,240,200,100,140,100,80,0,0,0,0,
20140901,0,  , EX,64.0N,22.0W,50,974,200,270,240,200,100,140,100,80,0,0,0,0,
20140901,600,  , EX,65.0N,19.5W,50,978,200,270,240,200,100,140,100,80,0,0,0,0,
20140901,1200,  , EX,66.0N,17.0W,45,980,0,200,200,200,0,0,0,0,0,0,0,0,
20140901,1800,  , EX,67.0N,15.4W,45,982,0,200,200,200,0,0,0,0,0,0,0,0,
20140902,0,  , EX,68.0N,15.0W,40,984,0,200,200,200,0,0,0,0,0,0,0,0,
20140902,600,  , EX,69.0N,15.0W,35,985,0,200,200,200,0,0,0,0,0,0,0,0,
AL052014,              DOLLY,13,,,,,,,,,,,,,,,,,,
20140901,1200,  , LO,19.2N,92.3W,25,1009,0,0,0,0,0,0,0,0,0,0,0,0,
20140901,1800,  , TD,20.0N,93.2W,30,1009,0,0,0,0,0,0,0,0,0,0,0,0,
20140902,0,  , TS,21.3N,93.4W,35,1007,50,70,0,0,0,0,0,0,0,0,0,0,
20140902,600,  , TS,22.3N,94.3W,40,1005,70,100,0,0,0,0,0,0,0,0,0,0,
20140902,1200,  , TS,22.8N,95.6W,45,1005,70,100,0,0,0,0,0,0,0,0,0,0,
20140902,1800,  , TS,22.2N,96.7W,40,1003,120,100,0,0,0,0,0,0,0,0,0,0,
20140903,0,  , TS,22.0N,97.3W,40,1001,120,100,0,0,0,0,0,0,0,0,0,0,
20140903,100, P, TS,22.0N,97.4W,40,1000,120,100,0,0,0,0,0,0,0,0,0,0,
20140903,400, L, TS,22.0N,97.7W,40,1002,120,100,0,0,0,0,0,0,0,0,0,0,
20140903,600,  , TS,21.9N,98.0W,35,1004,120,0,0,0,0,0,0,0,0,0,0,0,
20140903,1200,  , LO,21.8N,98.8W,25,1005,0,0,0,0,0,0,0,0,0,0,0,0,
20140903,1800,  , LO,21.7N,99.8W,20,1005,0,0,0,0,0,0,0,0,0,0,0,0,
20140904,0,  , LO,21.6N,101.0W,15,1002,0,0,0,0,0,0,0,0,0,0,0,0,
AL062014,            EDOUARD,47,,,,,,,,,,,,,,,,,,
20140910,1800,  , LO,13.7N,33.2W,25,1009,0,0,0,0,0,0,0,0,0,0,0,0,
20140911,0,  , LO,14.2N,34.4W,25,1009,0,0,0,0,0,0,0,0,0,0,0,0,
20140911,600,  , LO,14.9N,35.5W,25,1009,0,0,0,0,0,0,0,0,0,0,0,0,
20140911,1200,  , TD,15.8N,36.5W,30,1008,0,0,0,0,0,0,0,0,0,0,0,0,
20140911,1800,  , TD,16.5N,37.7W,30,1007,0,0,0,0,0,0,0,0,0,0,0,0,
20140912,0,  , TS,17.2N,39.2W,35,1006,40,0,0,0,0,0,0,0,0,0,0,0,
20140912,600,  , TS,17.7N,40.8W,35,1005,60,0,0,0,0,0,0,0,0,0,0,0,
20140912,1200,  , TS,18.3N,42.3W,40,1000,60,0,0,0,0,0,0,0,0,0,0,0,
20140912,1800,  , TS,18.9N,43.6W,40,999,60,0,0,50,0,0,0,0,0,0,0,0,
20140913,0,  , TS,19.6N,44.8W,40,998,60,0,0,50,0,0,0,0,0,0,0,0,
20140913,600,  , TS,20.4N,45.7W,45,997,60,0,0,60,0,0,0,0,0,0,0,0,
20140913,1200,  , TS,21.4N,46.4W,45,996,60,0,0,60,0,0,0,0,0,0,0,0,
20140913,1800,  , TS,22.3N,47.0W,50,995,60,0,0,60,20,0,0,0,0,0,0,0,
20140914,0,  , TS,23.0N,47.9W,55,994,90,90,30,80,30,0,0,30,0,0,0,0,
20140914,600,  , TS,23.7N,49.0W,60,991,120,120,60,100,40,30,0,40,0,0,0,0,
20140914,1200,  , HU,24.4N,50.3W,70,985,120,120,60,100,40,40,30,40,15,15,0,15,
20140914,1800,  , HU,25.1N,51.5W,75,980,120,120,60,100,50,40,30,40,15,15,0,15,
20140915,0,  , HU,25.8N,52.7W,80,975,120,120,60,100,50,40,30,40,20,15,0,15,
20140915,600,  , HU,26.5N,54.0W,85,970,150,100,80,150,60,50,40,50,30,20,10,20,
20140915,1200,  , HU,27.0N,55.1W,90,966,150,100,80,150,60,60,50,60,30,20,10,20,
20140915,1800,  , HU,27.7N,56.1W,95,962,150,130,130,150,70,60,60,70,40,30,20,30,
20140916,0,  , HU,28.5N,56.7W,95,960,150,130,130,150,80,60,60,80,40,30,30,40,
20140916,600,  , HU,29.5N,57.3W,100,956,150,130,130,150,80,70,60,80,40,40,30,40,
20140916,1200,  , HU,30.6N,57.8W,105,955,150,130,130,150,80,80,70,80,40,50,40,40,
20140916,1800,  , HU,31.7N,57.7W,95,958,160,150,130,120,90,90,80,60,40,60,50,30,
20140917,0,  , HU,32.9N,57.0W,85,959,150,160,130,130,90,100,80,60,40,70,60,20,
20140917,600,  , HU,34.3N,56.0W,85,958,150,180,140,90,90,110,90,40,40,70,60,0,
20140917,1200,  , HU,35.7N,54.5W,80,957,150,180,140,90,90,120,90,40,40,70,60,0,
20140917,1800,  , HU,37.2N,52.4W,80,955,150,200,150,90,80,120,100,50,40,70,50,0,
20140918,0,  , HU,38.3N,49.5W,75,958,150,200,150,90,80,120,100,50,40,70,50,0,
20140918,600,  , HU,39.3N,46.7W,70,964,130,200,180,90,80,120,100,50,30,70,50,0,
20140918,1200,  , HU,39.9N,44.1W,70,969,110,200,180,80,80,120,90,50,20,70,70,0,
20140918,1800,  , HU,39.9N,42.1W,65,973,110,200,180,80,70,120,90,50,20,70,70,0,
20140919,0,  , TS,39.9N,40.1W,60,980,110,200,180,80,60,110,90,40,0,0,0,0,
20140919,600,  , TS,39.9N,38.9W,55,988,90,160,150,70,50,100,80,0,0,0,0,0,
20140919,1200,  , TS,39.5N,38.1W,45,994,0,100,80,0,0,0,0,0,0,0,0,0,
20140919,1800,  , LO,39.5N,37.4W,40,1001,0,100,80,0,0,0,0,0,0,0,0,0,
20140920,0,  , LO,39.4N,36.6W,35,1004,0,100,80,0,0,0,0,0,0,0,0,0,
20140920,600,  , LO,39.3N,35.7W,30,1006,0,0,0,0,0,0,0,0,0,0,0,0,
20140920,1200,  , LO,39.1N,34.4W,30,1008,0,0,0,0,0,0,0,0,0,0,0,0,
20140920,1800,  , LO,38.8N,33.0W,25,1010,0,0,0,0,0,0,0,0,0,0,0,0,
20140921,0,  , LO,38.1N,31.8W,25,1012,0,0,0,0,0,0,0,0,0,0,0,0,
20140921,600,  , LO,37.1N,30.9W,25,1013,0,0,0,0,0,0,0,0,0,0,0,0,
20140921,1200,  , LO,36.1N,30.2W,25,1014,0,0,0,0,0,0,0,0,0,0,0,0,
20140921,1800,  , LO,35.1N,30.2W,25,1014,0,0,0,0,0,0,0,0,0,0,0,0,
20140922,0,  , LO,34.2N,30.4W,25,1015,0,0,0,0,0,0,0,0,0,0,0,0,
20140922,600,  , LO,33.4N,30.7W,25,1015,0,0,0,0,0,0,0,0,0,0,0,0,
AL072014,                FAY,14,,,,,,,,,,,,,,,,,,
20141010,0,  , LO,22.0N,61.2W,35,1007,120,0,0,120,0,0,0,0,0,0,0,0,
20141010,600,  , SS,22.7N,62.4W,35,1006,120,0,0,120,0,0,0,0,0,0,0,0,
20141010,1200,  , SS,23.5N,63.3W,35,1005,120,0,0,120,0,0,0,0,0,0,0,0,
20141010,1800,  , SS,24.3N,64.0W,40,1003,120,0,0,120,0,0,0,0,0,0,0,0,
20141011,0,  , SS,25.1N,64.5W,50,999,120,40,40,120,0,0,0,50,0,0,0,0,
20141011,600,  , TS,26.0N,65.0W,55,994,120,40,40,120,0,0,0,50,0,0,0,0,
20141011,1200,  , TS,27.2N,65.3W,60,990,120,80,80,120,50,50,20,50,0,0,0,0,
20141011,1800,  , TS,28.7N,65.4W,60,988,150,140,120,120,50,50,20,50,0,0,0,0,
20141012,0,  , TS,30.2N,65.2W,60,987,150,140,120,120,50,50,60,50,0,0,0,0,
20141012,600,  , HU,31.7N,64.9W,65,985,150,150,120,120,50,60,60,60,0,20,20,0,
20141012,810, L, HU,32.3N,64.7W,70,984,150,150,120,120,50,60,60,60,0,20,20,0,
20141012,1200,  , HU,33.1N,63.9W,70,983,150,150,120,120,50,60,60,60,0,20,20,0,
20141012,1800,  , TS,33.6N,61.9W,60,986,150,150,120,150,50,60,60,60,0,0,0,0,
20141013,0,  , TS,33.9N,59.0W,50,990,150,150,120,150,50,60,60,60,0,0,0,0,
AL082014,            GONZALO,39,,,,,,,,,,,,,,,,,,
20141011,1800,  , LO,16.4N,54.9W,25,1010,0,0,0,0,0,0,0,0,0,0,0,0,
20141012,0,  , TD,16.4N,55.9W,30,1010,0,0,0,0,0,0,0,0,0,0,0,0,
20141012,600,  , TD,16.4N,56.9W,30,1008,0,0,0,0,0,0,0,0,0,0,0,0,
20141012,1200,  , TS,16.4N,57.9W,35,1006,50,40,0,50,0,0,0,0,0,0,0,0,
20141012,1800,  , TS,16.4N,58.8W,40,1004,50,40,0,50,0,0,0,0,0,0,0,0,
20141013,0,  , TS,16.5N,59.7W,45,1001,50,40,0,50,0,0,0,0,0,0,0,0,
20141013,600,  , TS,16.7N,60.6W,55,996,60,40,20,60,30,0,0,30,0,0,0,0,
20141013,1200,  , HU,17.0N,61.5W,65,992,80,50,30,80,30,20,20,30,15,0,0,15,
20141013,1430, L, HU,17.1N,61.8W,65,990,80,50,30,80,30,20,20,30,15,0,0,15,
20141013,1800,  , HU,17.6N,62.4W,70,988,90,60,40,90,30,20,20,30,15,10,0,15,
20141013,2245, L, HU,18.1N,63.0W,75,984,90,60,40,90,30,20,20,30,15,10,0,15,
20141013,2315, L, HU,18.2N,63.1W,75,984,90,60,40,90,30,20,20,30,15,10,0,15,
20141014,0,  , HU,18.3N,63.2W,80,983,90,60,50,90,30,30,20,30,20,10,10,20,
20141014,600,  , HU,19.1N,64.0W,90,976,90,60,50,90,30,30,30,30,20,15,10,20,
20141014,1200,  , HU,19.9N,64.8W,95,973,90,60,50,90,30,30,30,30,20,15,10,20,
20141014,1800,  , HU,20.8N,65.5W,100,968,90,60,50,90,30,30,30,30,20,15,10,20,
20141015,0,  , HU,21.7N,66.2W,115,956,100,60,70,100,30,30,30,40,20,15,15,20,
20141015,600,  , HU,22.5N,67.0W,115,953,100,60,70,100,30,30,30,40,20,20,15,20,
20141015,1200,  , HU,23.1N,67.7W,115,949,110,80,80,110,50,40,30,40,30,25,15,20,
20141015,1800,  , HU,23.8N,68.3W,110,953,110,80,80,110,50,40,30,40,30,25,20,20,
20141016,0,  , HU,24.4N,68.6W,110,953,110,90,90,110,60,50,40,50,35,30,25,25,
20141016,600,  , HU,25.0N,68.7W,115,948,120,110,90,110,60,50,50,50,35,30,25,25,
20141016,1200,  , HU,25.6N,68.7W,125,940,130,130,90,110,70,70,50,50,40,40,25,35,
20141016,1800,  , HU,26.5N,68.3W,125,942,130,130,90,110,70,70,50,50,40,40,30,35,
20141017,0,  , HU,27.4N,67.8W,120,942,140,150,110,110,80,80,60,60,50,50,35,35,
20141017,600,  , HU,28.6N,67.2W,115,945,140,150,110,110,80,80,60,60,50,50,35,35,
20141017,1200,  , HU,29.8N,66.5W,110,947,140,150,110,110,80,80,60,60,50,50,50,40,
20141017,1800,  , HU,31.0N,65.7W,105,949,140,150,110,110,80,80,60,60,50,50,50,40,
20141018,0,  , HU,32.2N,64.9W,95,952,140,150,110,110,80,80,60,60,50,50,50,40,
20141018,30, L, HU,32.3N,64.8W,95,952,140,150,110,110,80,80,60,60,50,50,50,40,
20141018,600,  , HU,33.7N,63.9W,90,955,140,150,110,110,80,80,60,60,50,50,50,40,
20141018,1200,  , HU,35.6N,62.6W,85,960,150,180,140,100,90,100,80,70,60,60,50,40,
20141018,1800,  , HU,38.2N,60.9W,85,964,180,220,160,100,120,120,80,70,60,80,50,40,
20141019,0,  , HU,41.2N,58.3W,85,965,180,270,180,90,120,160,90,60,70,100,50,0,
20141019,600,  , HU,44.5N,54.8W,80,968,180,270,180,90,120,160,90,40,70,100,50,0,
20141019,1200,  , HU,47.8N,50.1W,70,970,180,270,180,90,120,160,90,40,70,100,50,0,
20141019,1800,  , EX,50.6N,44.8W,65,976,180,270,240,80,120,160,90,40,70,100,50,0,
20141020,0,  , EX,52.6N,38.3W,55,982,180,320,300,0,90,200,0,0,0,0,0,0,
20141020,600,  , EX,53.9N,30.9W,50,988,180,320,300,0,60,200,0,0,0,0,0,0,
AL092014,              HANNA,37,,,,,,,,,,,,,,,,,,
20141021,0,  , LO,19.5N,95.3W,25,1002,0,0,0,0,0,0,0,0,0,0,0,0,
20141021,600,  , LO,19.5N,94.8W,25,1002,0,0,0,0,0,0,0,0,0,0,0,0,
20141021,1200,  , LO,19.5N,94.2W,25,1001,0,0,0,0,0,0,0,0,0,0,0,0,
20141021,1800,  , LO,19.5N,93.7W,30,1000,0,0,0,0,0,0,0,0,0,0,0,0,
20141022,0,  , TD,19.5N,93.3W,30,1000,0,0,0,0,0,0,0,0,0,0,0,0,
20141022,600,  , TD,19.5N,92.9W,30,1001,0,0,0,0,0,0,0,0,0,0,0,0,
20141022,1200,  , TD,19.4N,92.4W,30,1002,0,0,0,0,0,0,0,0,0,0,0,0,
20141022,1800,  , TD,19.3N,91.9W,30,1003,0,0,0,0,0,0,0,0,0,0,0,0,
20141023,0,  , LO,19.2N,91.3W,25,1004,0,0,0,0,0,0,0,0,0,0,0,0,
20141023,600,  , LO,18.9N,90.8W,20,1005,0,0,0,0,0,0,0,0,0,0,0,0,
20141023,1200,  , LO,18.6N,90.5W,20,1006,0,0,0,0,0,0,0,0,0,0,0,0,
20141023,1800,  , LO,18.2N,90.0W,20,1007,0,0,0,0,0,0,0,0,0,0,0,0,
20141024,0,  , LO,17.9N,89.4W,20,1008,0,0,0,0,0,0,0,0,0,0,0,0,
20141024,600,  , LO,18.1N,88.5W,20,1008,0,0,0,0,0,0,0,0,0,0,0,0,
20141024,1200,  , LO,18.4N,87.7W,20,1008,0,0,0,0,0,0,0,0,0,0,0,0,
20141024,1800,  , LO,18.8N,87.0W,20,1008,0,0,0,0,0,0,0,0,0,0,0,0,
20141025,0,  , DB,19.0N,86.2W,20,1008,0,0,0,0,0,0,0,0,0,0,0,0,
20141025,600,  , DB,18.8N,85.3W,20,1008,0,0,0,0,0,0,0,0,0,0,0,0,
20141025,1200,  , DB,18.3N,84.5W,25,1008,0,0,0,0,0,0,0,0,0,0,0,0,
20141025,1800,  , DB,17.7N,83.7W,25,1008,0,0,0,0,0,0,0,0,0,0,0,0,
20141026,0,  , DB,17.1N,82.9W,25,1007,0,0,0,0,0,0,0,0,0,0,0,0,
20141026,600,  , DB,16.5N,82.2W,25,1007,0,0,0,0,0,0,0,0,0,0,0,0,
20141026,1200,  , LO,16.0N,81.8W,30,1006,0,0,0,0,0,0,0,0,0,0,0,0,
20141026,1800,  , LO,15.5N,81.8W,30,1006,0,0,0,0,0,0,0,0,0,0,0,0,
20141027,0,  , TD,15.1N,82.0W,30,1006,0,0,0,0,0,0,0,0,0,0,0,0,
20141027,600,  , TS,15.0N,82.4W,35,1005,0,0,60,70,0,0,0,0,0,0,0,0,
20141027,1200,  , TS,14.9N,83.0W,35,1005,0,0,60,70,0,0,0,0,0,0,0,0,
20141027,1600, L, TS,14.9N,83.3W,35,1005,0,0,0,70,0,0,0,0,0,0,0,0,
20141027,1800,  , TD,14.9N,83.5W,30,1006,0,0,0,0,0,0,0,0,0,0,0,0,
20141028,0,  , TD,15.0N,84.3W,30,1007,0,0,0,0,0,0,0,0,0,0,0,0,
20141028,600,  , LO,15.4N,85.2W,25,1008,0,0,0,0,0,0,0,0,0,0,0,0,
20141028,1200,  , LO,15.9N,85.9W,20,1009,0,0,0,0,0,0,0,0,0,0,0,0,
20141028,1800,  , LO,16.5N,86.7W,20,1010,0,0,0,0,0,0,0,0,0,0,0,0,
20141029,0,  , LO,16.8N,87.6W,20,1010,0,0,0,0,0,0,0,0,0,0,0,0,
20141029,600,  , LO,16.9N,88.6W,20,1011,0,0,0,0,0,0,0,0,0,0,0,0,
20141029,1200,  , LO,16.9N,89.6W,20,1011,0,0,0,0,0,0,0,0,0,0,0,0,
20141029,1800,  , LO,16.8N,90.5W,15,1012,0,0,0,0,0,0,0,0,0,0,0,0,
AL012015,                ANA,28,,,,,,,,,,,,,,,,,,
20150506,600,  , LO,26.8N,79.2W,25,1016,0,0,0,0,0,0,0,0,0,0,0,0,
20150506,1200,  , LO,28.2N,78.5W,25,1015,0,0,0,0,0,0,0,0,0,0,0,0,
20150506,1800,  , LO,29.7N,77.8W,25,1014,0,0,0,0,0,0,0,0,0,0,0,0,
20150507,0,  , LO,30.8N,77.5W,30,1012,0,0,0,0,0,0,0,0,0,0,0,0,
20150507,600,  , LO,30.7N,77.8W,35,1010,0,0,0,100,0,0,0,0,0,0,0,0,
20150507,1200,  , LO,30.6N,77.5W,40,1008,130,0,80,140,0,0,0,0,0,0,0,0,
20150507,1800,  , LO,31.2N,77.5W,40,1005,140,80,80,140,0,0,0,0,0,0,0,0,
20150508,0,  , SS,31.4N,77.6W,40,1003,140,80,80,120,0,0,0,0,0,0,0,0,
20150508,600,  , SS,31.5N,77.6W,40,1002,140,80,80,120,0,0,0,0,0,0,0,0,
20150508,1200,  , SS,31.5N,77.5W,40,1000,130,100,80,100,0,0,0,0,0,0,0,0,
20150508,1800,  , SS,31.6N,77.4W,45,999,100,100,80,100,0,0,0,0,0,0,0,0,
20150509,0,  , SS,31.9N,77.3W,50,998,100,120,80,100,80,0,0,0,0,0,0,0,
20150509,600,  , TS,32.2N,77.5W,50,998,100,110,80,90,70,0,0,0,0,0,0,0,
20150509,1200,  , TS,32.5N,77.8W,50,1001,100,110,80,90,50,50,0,0,0,0,0,0,
20150509,1800,  , TS,32.7N,78.0W,45,1001,100,110,70,90,0,0,0,0,0,0,0,0,
20150510,0,  , TS,33.1N,78.3W,45,1001,90,110,60,50,0,0,0,0,0,0,0,0,
20150510,600,  , TS,33.5N,78.6W,40,1002,80,110,60,40,0,0,0,0,0,0,0,0,
20150510,1000, L, TS,33.8N,78.8W,40,1002,70,110,60,40,0,0,0,0,0,0,0,0,
20150510,1200,  , TS,33.9N,78.8W,35,1002,70,110,60,20,0,0,0,0,0,0,0,0,
20150510,1800,  , TD,34.3N,78.7W,30,1006,0,0,0,0,0,0,0,0,0,0,0,0,
20150511,0,  , TD,34.7N,78.5W,30,1009,0,0,0,0,0,0,0,0,0,0,0,0,
20150511,600,  , TD,35.5N,78.0W,30,1010,0,0,0,0,0,0,0,0,0,0,0,0,
20150511,1200,  , TD,36.2N,77.3W,30,1012,0,0,0,0,0,0,0,0,0,0,0,0,
20150511,1800,  , TD,37.0N,76.3W,30,1012,0,0,0,0,0,0,0,0,0,0,0,0,
20150512,0,  , LO,38.1N,75.1W,30,1012,0,0,0,0,0,0,0,0,0,0,0,0,
20150512,600,  , LO,39.3N,73.1W,25,1011,0,0,0,0,0,0,0,0,0,0,0,0,
20150512,1200,  , LO,40.8N,70.7W,25,1009,0,0,0,0,0,0,0,0,0,0,0,0,
20150512,1800,  , LO,43.0N,67.0W,25,1005,0,0,0,0,0,0,0,0,0,0,0,0,
AL022015,               BILL,22,,,,,,,,,,,,,,,,,,
20150616,0,  , TS,27.0N,94.3W,45,1005,140,130,0,0,0,0,0,0,0,0,0,0,
20150616,600,  , TS,27.6N,95.2W,45,1001,130,130,0,0,0,0,0,0,0,0,0,0,
20150616,1200,  , TS,28.0N,96.0W,50,997,130,130,0,30,20,20,0,0,0,0,0,0,
20150616,1645, L, TS,28.2N,96.7W,50,997,130,130,0,30,20,20,0,0,0,0,0,0,
20150616,1800,  , TS,28.2N,96.7W,50,997,130,130,0,30,20,20,0,0,0,0,0,0,
20150617,0,  , TS,29.1N,96.9W,40,998,0,130,0,0,0,0,0,0,0,0,0,0,
20150617,600,  , TD,30.3N,97.1W,30,999,0,0,0,0,0,0,0,0,0,0,0,0,
20150617,1200,  , TD,31.7N,97.4W,30,999,0,0,0,0,0,0,0,0,0,0,0,0,
20150617,1800,  , TD,32.6N,97.5W,25,999,0,0,0,0,0,0,0,0,0,0,0,0,
20150618,0,  , TD,33.5N,97.3W,25,1000,0,0,0,0,0,0,0,0,0,0,0,0,
20150618,600,  , TD,34.2N,96.9W,25,1002,0,0,0,0,0,0,0,0,0,0,0,0,
20150618,1200,  , TD,34.8N,96.3W,20,1003,0,0,0,0,0,0,0,0,0,0,0,0,
20150618,1800,  , LO,35.2N,95.5W,15,1004,0,0,0,0,0,0,0,0,0,0,0,0,
20150619,0,  , LO,35.6N,94.5W,15,1005,0,0,0,0,0,0,0,0,0,0,0,0,
20150619,600,  , LO,35.9N,93.5W,15,1006,0,0,0,0,0,0,0,0,0,0,0,0,
20150619,1200,  , LO,36.3N,92.3W,15,1006,0,0,0,0,0,0,0,0,0,0,0,0,
20150619,1800,  , LO,36.9N,90.9W,20,1005,0,0,0,0,0,0,0,0,0,0,0,0,
20150620,0,  , LO,37.4N,89.4W,20,1004,0,0,0,0,0,0,0,0,0,0,0,0,
20150620,600,  , LO,37.8N,87.8W,15,1002,0,0,0,0,0,0,0,0,0,0,0,0,
20150620,1200,  , LO,38.2N,85.8W,15,1001,0,0,0,0,0,0,0,0,0,0,0,0,
20150620,1800,  , LO,38.5N,83.7W,15,1003,0,0,0,0,0,0,0,0,0,0,0,0,
20150621,0,  , LO,38.9N,81.3W,15,1006,0,0,0,0,0,0,0,0,0,0,0,0,
AL032015,          CLAUDETTE,15,,,,,,,,,,,,,,,,,,
20150712,0,  , LO,35.4N,75.4W,25,1010,0,0,0,0,0,0,0,0,0,0,0,0,
20150712,600,  , LO,35.3N,74.6W,25,1010,0,0,0,0,0,0,0,0,0,0,0,0,
20150712,1200,  , LO,35.2N,73.6W,25,1010,0,0,0,0,0,0,0,0,0,0,0,0,
20150712,1800,  , LO,35.3N,72.8W,25,1010,0,0,0,0,0,0,0,0,0,0,0,0,
20150713,0,  , LO,35.5N,72.2W,25,1010,0,0,0,0,0,0,0,0,0,0,0,0,
20150713,600,  , TD,36.0N,71.1W,30,1008,0,0,0,0,0,0,0,0,0,0,0,0,
20150713,1200,  , TS,36.8N,69.4W,40,1005,60,50,20,30,0,0,0,0,0,0,0,0,
20150713,1800,  , TS,37.6N,67.5W,45,1003,60,50,20,30,0,0,0,0,0,0,0,0,
20150714,0,  , TS,38.4N,65.7W,45,1004,60,50,20,30,0,0,0,0,0,0,0,0,
20150714,600,  , TS,39.4N,64.1W,45,1004,60,60,40,20,0,0,0,0,0,0,0,0,
20150714,1200,  , TS,40.7N,62.0W,45,1004,60,70,60,0,0,0,0,0,0,0,0,0,
20150714,1800,  , TS,42.0N,60.0W,40,1004,60,70,60,0,0,0,0,0,0,0,0,0,
20150715,0,  , LO,43.5N,58.2W,35,1004,60,70,60,0,0,0,0,0,0,0,0,0,
20150715,600,  , LO,45.0N,56.9W,30,1004,0,0,0,0,0,0,0,0,0,0,0,0,
20150715,1200,  , LO,46.0N,55.9W,30,1004,0,0,0,0,0,0,0,0,0,0,0,0,
AL042015,              DANNY,31,,,,,,,,,,,,,,,,,,
20150817,0,  , LO,9.6N,29.3W,25,1011,0,0,0,0,0,0,0,0,0,0,0,0,
20150817,600,  , LO,9.6N,30.4W,25,1011,0,0,0,0,0,0,0,0,0,0,0,0,
20150817,1200,  , LO,9.7N,31.5W,25,1011,0,0,0,0,0,0,0,0,0,0,0,0,
20150817,1800,  , LO,10.0N,32.6W,25,1010,0,0,0,0,0,0,0,0,0,0,0,0,
20150818,0,  , LO,10.3N,33.7W,25,1010,0,0,0,0,0,0,0,0,0,0,0,0,
20150818,600,  , TD,10.4N,34.8W,30,1009,0,0,0,0,0,0,0,0,0,0,0,0,
20150818,1200,  , TS,10.5N,35.9W,35,1008,40,0,0,40,0,0,0,0,0,0,0,0,
20150818,1800,  , TS,10.7N,37.1W,40,1006,40,30,0,40,0,0,0,0,0,0,0,0,
20150819,0,  , TS,10.9N,38.4W,45,1005,50,30,0,40,0,0,0,0,0,0,0,0,
20150819,600,  , TS,11.0N,39.5W,45,1003,50,30,0,40,0,0,0,0,0,0,0,0,
20150819,1200,  , TS,11.2N,40.6W,45,1002,50,30,30,40,0,0,0,0,0,0,0,0,
20150819,1800,  , TS,11.5N,41.5W,50,1001,50,30,20,40,20,0,0,0,0,0,0,0,
20150820,0,  , TS,11.7N,42.5W,55,1000,50,30,20,40,20,0,0,20,0,0,0,0,
20150820,600,  , TS,11.9N,43.5W,60,998,50,30,20,40,20,10,10,20,0,0,0,0,
20150820,1200,  , HU,12.3N,44.4W,65,995,50,30,30,40,20,20,20,20,10,10,10,10,
20150820,1800,  , HU,12.8N,45.3W,75,990,50,30,30,40,20,20,20,20,10,10,10,10,
20150821,0,  , HU,13.2N,46.2W,85,981,50,30,30,40,20,20,20,20,10,10,10,10,
20150821,600,  , HU,13.5N,47.0W,95,973,50,30,30,40,20,20,20,20,10,10,10,10,
20150821,1200,  , HU,13.8N,47.8W,110,960,50,30,30,50,30,20,20,30,15,10,10,15,
20150821,1800,  , HU,14.3N,48.6W,105,966,50,30,30,50,30,20,20,30,15,10,10,15,
20150822,0,  , HU,14.7N,49.4W,95,973,50,30,30,50,30,20,20,30,15,10,10,15,
20150822,600,  , HU,15.0N,50.3W,85,980,50,30,30,50,30,20,20,30,15,10,10,15,
20150822,1200,  , HU,15.3N,51.4W,75,985,50,30,30,50,30,20,20,30,15,10,10,15,
20150822,1800,  , HU,15.5N,52.7W,65,990,50,30,30,50,30,20,20,30,10,10,0,0,
20150823,0,  , TS,15.6N,54.0W,55,999,50,30,20,50,20,0,0,20,0,0,0,0,
20150823,600,  , TS,15.7N,55.3W,50,1001,50,30,20,50,20,0,0,0,0,0,0,0,
20150823,1200,  , TS,15.7N,56.7W,45,1002,50,30,20,40,0,0,0,0,0,0,0,0,
20150823,1800,  , TS,15.6N,58.2W,40,1004,50,30,0,40,0,0,0,0,0,0,0,0,
20150824,0,  , TS,15.6N,59.3W,40,1007,50,30,0,0,0,0,0,0,0,0,0,0,
20150824,600,  , TS,15.8N,60.4W,35,1008,50,30,0,0,0,0,0,0,0,0,0,0,
20150824,1200,  , TD,15.8N,61.3W,30,1009,0,0,0,0,0,0,0,0,0,0,0,0,
AL052015,              ERIKA,16,,,,,,,,,,,,,,,,,,
20150824,1800,  , TS,14.3N,45.1W,40,1003,70,70,0,0,0,0,0,0,0,0,0,0,
20150825,0,  , TS,14.4N,46.9W,40,1003,70,70,0,0,0,0,0,0,0,0,0,0,
20150825,600,  , TS,14.7N,48.6W,40,1003,70,70,0,0,0,0,0,0,0,0,0,0,
20150825,1200,  , TS,15.0N,50.2W,40,1003,70,70,0,0,0,0,0,0,0,0,0,0,
20150825,1800,  , TS,15.3N,51.9W,35,1004,70,70,0,0,0,0,0,0,0,0,0,0,
20150826,0,  , TS,15.7N,53.6W,35,1006,90,70,0,0,0,0,0,0,0,0,0,0,
20150826,600,  , TS,15.9N,55.2W,35,1005,90,70,0,0,0,0,0,0,0,0,0,0,
20150826,1200,  , TS,16.2N,56.8W,40,1005,90,90,0,0,0,0,0,0,0,0,0,0,
20150826,1800,  , TS,16.4N,58.2W,40,1005,90,90,0,0,0,0,0,0,0,0,0,0,
20150827,0,  , TS,16.6N,59.5W,40,1006,90,90,0,0,0,0,0,0,0,0,0,0,
20150827,600,  , TS,16.5N,60.8W,45,1001,100,100,0,0,0,0,0,0,0,0,0,0,
20150827,1200,  , TS,16.5N,62.2W,45,1004,120,120,0,0,0,0,0,0,0,0,0,0,
20150827,1800,  , TS,16.6N,63.6W,45,1006,120,120,0,0,0,0,0,0,0,0,0,0,
20150828,0,  , TS,17.2N,65.1W,45,1006,120,120,0,0,0,0,0,0,0,0,0,0,
20150828,600,  , TS,17.5N,66.8W,45,1006,140,120,0,0,0,0,0,0,0,0,0,0,
20150828,1200,  , TS,17.6N,68.6W,45,1008,140,120,0,0,0,0,0,0,0,0,0,0,
AL062015,               FRED,31,,,,,,,,,,,,,,,,,,
20150830,0,  , TD,11.6N,17.5W,30,1007,0,0,0,0,0,0,0,0,0,0,0,0,
20150830,600,  , TS,12.2N,18.4W,35,1005,30,30,0,30,0,0,0,0,0,0,0,0,
20150830,1200,  , TS,13.1N,19.5W,45,1004,50,50,0,30,0,0,0,0,0,0,0,0,
20150830,1800,  , TS,14.0N,20.7W,55,998,60,60,30,50,30,30,10,20,0,0,0,0,
20150831,0,  , HU,14.6N,21.7W,65,992,70,70,50,60,40,40,20,30,10,10,10,10,
20150831,600,  , HU,15.3N,22.5W,70,989,70,70,50,60,40,40,20,30,15,10,10,15,
20150831,1200,  , HU,16.1N,23.3W,75,986,70,70,50,60,40,40,20,30,15,10,10,15,
20150831,1800,  , HU,16.8N,24.1W,70,988,70,70,50,60,40,40,20,30,15,10,10,15,
20150901,0,  , HU,17.4N,24.9W,65,991,70,70,50,60,40,40,20,30,10,10,0,10,
20150901,600,  , TS,17.8N,25.7W,60,994,70,70,40,60,30,30,0,30,0,0,0,0,
20150901,1200,  , TS,18.2N,26.7W,50,1000,70,40,40,70,30,0,0,30,0,0,0,0,
20150901,1800,  , TS,18.7N,27.6W,45,1003,70,40,40,70,0,0,0,0,0,0,0,0,
20150902,0,  , TS,19.1N,28.7W,45,1003,70,40,40,70,0,0,0,0,0,0,0,0,
20150902,600,  , TS,19.3N,29.7W,40,1004,70,40,40,70,0,0,0,0,0,0,0,0,
20150902,1200,  , TS,19.6N,30.5W,40,1005,60,40,0,50,0,0,0,0,0,0,0,0,
20150902,1800,  , TS,20.0N,31.4W,35,1006,60,30,0,50,0,0,0,0,0,0,0,0,
20150903,0,  , TS,20.4N,32.2W,35,1006,60,30,0,50,0,0,0,0,0,0,0,0,
20150903,600,  , TS,20.7N,32.9W,40,1005,60,40,0,40,0,0,0,0,0,0,0,0,
20150903,1200,  , TS,21.3N,33.7W,40,1005,60,40,0,40,0,0,0,0,0,0,0,0,
20150903,1800,  , TS,21.8N,34.9W,35,1005,60,40,0,40,0,0,0,0,0,0,0,0,
20150904,0,  , TS,21.9N,36.0W,35,1005,60,40,0,40,0,0,0,0,0,0,0,0,
20150904,600,  , TS,22.0N,36.9W,35,1005,60,40,0,40,0,0,0,0,0,0,0,0,
20150904,1200,  , TD,22.2N,37.9W,30,1005,0,0,0,0,0,0,0,0,0,0,0,0,
20150904,1800,  , TD,22.4N,38.7W,30,1006,0,0,0,0,0,0,0,0,0,0,0,0,
20150905,0,  , TS,22.7N,39.6W,35,1006,30,0,0,0,0,0,0,0,0,0,0,0,
20150905,600,  , TS,23.0N,40.6W,35,1007,30,0,0,0,0,0,0,0,0,0,0,0,
20150905,1200,  , TD,23.3N,41.5W,30,1008,0,0,0,0,0,0,0,0,0,0,0,0,
20150905,1800,  , TD,23.5N,42.2W,30,1008,0,0,0,0,0,0,0,0,0,0,0,0,
20150906,0,  , TD,23.8N,42.9W,30,1009,0,0,0,0,0,0,0,0,0,0,0,0,
20150906,600,  , TD,24.5N,43.3W,30,1010,0,0,0,0,0,0,0,0,0,0,0,0,
20150906,1200,  , TD,25.3N,43.2W,25,1010,0,0,0,0,0,0,0,0,0,0,0,0,